<?xml version="1.0" encoding="UTF-8"?>
<project-private xmlns="http://www.netbeans.org/ns/project-private/1">
    <editor-bookmarks xmlns="http://www.netbeans.org/ns/editor-bookmarks/2" lastBookmarkId="0"/>
    <open-files xmlns="http://www.netbeans.org/ns/projectui-open-files/2">
        <group>
            <file>file:/D:/WEB%20Folder/CV_Bot/web/signin.html</file>
            <file>file:/D:/WEB%20Folder/CV_Bot/web/ViewJobs.html</file>
            <file>file:/D:/WEB%20Folder/CV_Bot/web/mainLogin.html</file>
            <file>file:/D:/WEB%20Folder/CV_Bot/web/signup.html</file>
            <file>file:/D:/WEB%20Folder/CV_Bot/web/fogottenPassword.html</file>
            <file>file:/D:/WEB%20Folder/CV_Bot/web/index.html</file>
        </group>
    </open-files>
</project-private>
